arxiv_id	title	pdf_url
2005.11401	Retrieval-Augmented Generation for Knowledge-Intensive NLP Tasks	https://arxiv.org/pdf/2005.11401v4
2004.04906	Dense Passage Retrieval for Open-Domain Question Answering	https://arxiv.org/pdf/2004.04906v3
2002.08909	REALM: Retrieval-Augmented Language Model Pre-Training	https://arxiv.org/pdf/2002.08909v1
2004.12832	ColBERT: Efficient and Effective Passage Search via Contextualized Late Interaction over BERT	https://arxiv.org/pdf/2004.12832v2
2112.01488	ColBERTv2: Effective and Efficient Retrieval via Lightweight Late Interaction	https://arxiv.org/pdf/2112.01488v3
2212.10496	Precise Zero-Shot Dense Retrieval without Relevance Labels	https://arxiv.org/pdf/2212.10496v1
2307.03172	Lost in the Middle: How Language Models Use Long Contexts	https://arxiv.org/pdf/2307.03172v3
1908.10084	Sentence-BERT: Sentence Embeddings using Siamese BERT-Networks	https://arxiv.org/pdf/1908.10084v1
2310.11511	Self-RAG: Learning to Retrieve, Generate, and Critique through Self-Reflection	https://arxiv.org/pdf/2310.11511v1
2401.15884	Corrective Retrieval Augmented Generation	https://arxiv.org/pdf/2401.15884v3
2403.10131	RAFT: Adapting Language Model to Domain Specific RAG	https://arxiv.org/pdf/2403.10131v2
2401.18059	RAPTOR: Recursive Abstractive Processing for Tree-Organized Retrieval	https://arxiv.org/pdf/2401.18059v1
2404.16130	From Local to Global: A Graph RAG Approach to Query-Focused Summarization	https://arxiv.org/pdf/2404.16130v2
2309.15217	Ragas: Automated Evaluation of Retrieval Augmented Generation	https://arxiv.org/pdf/2309.15217v2
2311.09476	ARES: An Automated Evaluation Framework for Retrieval-Augmented Generation Systems	https://arxiv.org/pdf/2311.09476v2
2305.14283	Query Rewriting for Retrieval-Augmented Large Language Models	https://arxiv.org/pdf/2305.14283v3
2312.10997	Retrieval-Augmented Generation for Large Language Models: A Survey	https://arxiv.org/pdf/2312.10997v5
2604.01733	From BM25 to Corrective RAG: Benchmarking Retrieval Strategies for Text-and-Table Documents	https://arxiv.org/pdf/2604.01733v1
